<?xml version="1.0"?>
<csv_data>
<atlethe name="A Dijiang">
            <sex>M</sex>
            <age>24</age>
            <height>180</height>
            <weight>80</weight>
            <country>
                <team>China</team>
                <noc>CHN</noc>
            </country>
            <competition>
                <games>1992 Summer</games>
                <year>1992</year>
                <season>Summer</season>
                <city>Barcelona</city>
                <coordenates>
                    <lat>41.3828939</lat>
                    <lon>2.1774322</lon>
                    </coordenates>
                <statsBySport>
                    <sport>Basketball</sport>
                    <event>Basketball Men's Basketball</event>
                    <medal>NA</medal>
                </statsBySport>
            </competition>
        </atlethe>
<atlethe name="A Lamusi">
            <sex>M</sex>
            <age>23</age>
            <height>170</height>
            <weight>60</weight>
            <country>
                <team>China</team>
                <noc>CHN</noc>
            </country>
            <competition>
                <games>2012 Summer</games>
                <year>2012</year>
                <season>Summer</season>
                <city>London</city>
                <coordenates>
                    <lat>51.5073219</lat>
                    <lon>-0.1276474</lon>
                    </coordenates>
                <statsBySport>
                    <sport>Judo</sport>
                    <event>Judo Men's Extra-Lightweight</event>
                    <medal>NA</medal>
                </statsBySport>
            </competition>
        </atlethe>
<atlethe name="Gunnar Nielsen Aaby">
            <sex>M</sex>
            <age>24</age>
            <height>NA</height>
            <weight>NA</weight>
            <country>
                <team>Denmark</team>
                <noc>DEN</noc>
            </country>
            <competition>
                <games>1920 Summer</games>
                <year>1920</year>
                <season>Summer</season>
                <city>Antwerpen</city>
                <coordenates>
                    <lat>51.2211097</lat>
                    <lon>4.3997081</lon>
                    </coordenates>
                <statsBySport>
                    <sport>Football</sport>
                    <event>Football Men's Football</event>
                    <medal>NA</medal>
                </statsBySport>
            </competition>
        </atlethe>
<atlethe name="Edgar Lindenau Aabye">
            <sex>M</sex>
            <age>34</age>
            <height>NA</height>
            <weight>NA</weight>
            <country>
                <team>Denmark/Sweden</team>
                <noc>DEN</noc>
            </country>
            <competition>
                <games>1900 Summer</games>
                <year>1900</year>
                <season>Summer</season>
                <city>Paris</city>
                <coordenates>
                    <lat>48.8588897</lat>
                    <lon>2.3200410217200766</lon>
                    </coordenates>
                <statsBySport>
                    <sport>Tug-Of-War</sport>
                    <event>Tug-Of-War Men's Tug-Of-War</event>
                    <medal>Gold</medal>
                </statsBySport>
            </competition>
        </atlethe>
<atlethe name="Christine Jacoba Aaftink">
            <sex>F</sex>
            <age>21</age>
            <height>185</height>
            <weight>82</weight>
            <country>
                <team>Netherlands</team>
                <noc>NED</noc>
            </country>
            <competition>
                <games>1988 Winter</games>
                <year>1988</year>
                <season>Winter</season>
                <city>Calgary</city>
                <coordenates>
                    <lat>51.0460954</lat>
                    <lon>-114.065465</lon>
                    </coordenates>
                <statsBySport>
                    <sport>Speed Skating</sport>
                    <event>Speed Skating Women's 500 metres</event>
                    <medal>NA</medal>
                </statsBySport>
            </competition>
        </atlethe>
<atlethe name="Christine Jacoba Aaftink">
            <sex>F</sex>
            <age>21</age>
            <height>185</height>
            <weight>82</weight>
            <country>
                <team>Netherlands</team>
                <noc>NED</noc>
            </country>
            <competition>
                <games>1988 Winter</games>
                <year>1988</year>
                <season>Winter</season>
                <city>Calgary</city>
                <coordenates>
                    <lat>51.0460954</lat>
                    <lon>-114.065465</lon>
                    </coordenates>
                <statsBySport>
                    <sport>Speed Skating</sport>
                    <event>Speed Skating Women's 1,000 metres</event>
                    <medal>NA</medal>
                </statsBySport>
            </competition>
        </atlethe>
<atlethe name="Christine Jacoba Aaftink">
            <sex>F</sex>
            <age>25</age>
            <height>185</height>
            <weight>82</weight>
            <country>
                <team>Netherlands</team>
                <noc>NED</noc>
            </country>
            <competition>
                <games>1992 Winter</games>
                <year>1992</year>
                <season>Winter</season>
                <city>Albertville</city>
                <coordenates>
                    <lat>45.6754622</lat>
                    <lon>6.3925417</lon>
                    </coordenates>
                <statsBySport>
                    <sport>Speed Skating</sport>
                    <event>Speed Skating Women's 500 metres</event>
                    <medal>NA</medal>
                </statsBySport>
            </competition>
        </atlethe>
<atlethe name="Christine Jacoba Aaftink">
            <sex>F</sex>
            <age>25</age>
            <height>185</height>
            <weight>82</weight>
            <country>
                <team>Netherlands</team>
                <noc>NED</noc>
            </country>
            <competition>
                <games>1992 Winter</games>
                <year>1992</year>
                <season>Winter</season>
                <city>Albertville</city>
                <coordenates>
                    <lat>45.6754622</lat>
                    <lon>6.3925417</lon>
                    </coordenates>
                <statsBySport>
                    <sport>Speed Skating</sport>
                    <event>Speed Skating Women's 1,000 metres</event>
                    <medal>NA</medal>
                </statsBySport>
            </competition>
        </atlethe>
<atlethe name="Christine Jacoba Aaftink">
            <sex>F</sex>
            <age>27</age>
            <height>185</height>
            <weight>82</weight>
            <country>
                <team>Netherlands</team>
                <noc>NED</noc>
            </country>
            <competition>
                <games>1994 Winter</games>
                <year>1994</year>
                <season>Winter</season>
                <city>Lillehammer</city>
                <coordenates>
                    <lat>61.1145451</lat>
                    <lon>10.4670073</lon>
                    </coordenates>
                <statsBySport>
                    <sport>Speed Skating</sport>
                    <event>Speed Skating Women's 500 metres</event>
                    <medal>NA</medal>
                </statsBySport>
            </competition>
        </atlethe>
<atlethe name="Christine Jacoba Aaftink">
            <sex>F</sex>
            <age>27</age>
            <height>185</height>
            <weight>82</weight>
            <country>
                <team>Netherlands</team>
                <noc>NED</noc>
            </country>
            <competition>
                <games>1994 Winter</games>
                <year>1994</year>
                <season>Winter</season>
                <city>Lillehammer</city>
                <coordenates>
                    <lat>61.1145451</lat>
                    <lon>10.4670073</lon>
                    </coordenates>
                <statsBySport>
                    <sport>Speed Skating</sport>
                    <event>Speed Skating Women's 1,000 metres</event>
                    <medal>NA</medal>
                </statsBySport>
            </competition>
        </atlethe>
<atlethe name="Per Knut Aaland">
            <sex>M</sex>
            <age>31</age>
            <height>188</height>
            <weight>75</weight>
            <country>
                <team>United States</team>
                <noc>USA</noc>
            </country>
            <competition>
                <games>1992 Winter</games>
                <year>1992</year>
                <season>Winter</season>
                <city>Albertville</city>
                <coordenates>
                    <lat>45.6754622</lat>
                    <lon>6.3925417</lon>
                    </coordenates>
                <statsBySport>
                    <sport>Cross Country Skiing</sport>
                    <event>Cross Country Skiing Men's 10 kilometres</event>
                    <medal>NA</medal>
                </statsBySport>
            </competition>
        </atlethe>
<atlethe name="Per Knut Aaland">
            <sex>M</sex>
            <age>31</age>
            <height>188</height>
            <weight>75</weight>
            <country>
                <team>United States</team>
                <noc>USA</noc>
            </country>
            <competition>
                <games>1992 Winter</games>
                <year>1992</year>
                <season>Winter</season>
                <city>Albertville</city>
                <coordenates>
                    <lat>45.6754622</lat>
                    <lon>6.3925417</lon>
                    </coordenates>
                <statsBySport>
                    <sport>Cross Country Skiing</sport>
                    <event>Cross Country Skiing Men's 50 kilometres</event>
                    <medal>NA</medal>
                </statsBySport>
            </competition>
        </atlethe>
<atlethe name="Per Knut Aaland">
            <sex>M</sex>
            <age>31</age>
            <height>188</height>
            <weight>75</weight>
            <country>
                <team>United States</team>
                <noc>USA</noc>
            </country>
            <competition>
                <games>1992 Winter</games>
                <year>1992</year>
                <season>Winter</season>
                <city>Albertville</city>
                <coordenates>
                    <lat>45.6754622</lat>
                    <lon>6.3925417</lon>
                    </coordenates>
                <statsBySport>
                    <sport>Cross Country Skiing</sport>
                    <event>Cross Country Skiing Men's 10/15 kilometres Pursuit</event>
                    <medal>NA</medal>
                </statsBySport>
            </competition>
        </atlethe>
<atlethe name="Per Knut Aaland">
            <sex>M</sex>
            <age>31</age>
            <height>188</height>
            <weight>75</weight>
            <country>
                <team>United States</team>
                <noc>USA</noc>
            </country>
            <competition>
                <games>1992 Winter</games>
                <year>1992</year>
                <season>Winter</season>
                <city>Albertville</city>
                <coordenates>
                    <lat>45.6754622</lat>
                    <lon>6.3925417</lon>
                    </coordenates>
                <statsBySport>
                    <sport>Cross Country Skiing</sport>
                    <event>Cross Country Skiing Men's 4 x 10 kilometres Relay</event>
                    <medal>NA</medal>
                </statsBySport>
            </competition>
        </atlethe>
<atlethe name="Per Knut Aaland">
            <sex>M</sex>
            <age>33</age>
            <height>188</height>
            <weight>75</weight>
            <country>
                <team>United States</team>
                <noc>USA</noc>
            </country>
            <competition>
                <games>1994 Winter</games>
                <year>1994</year>
                <season>Winter</season>
                <city>Lillehammer</city>
                <coordenates>
                    <lat>61.1145451</lat>
                    <lon>10.4670073</lon>
                    </coordenates>
                <statsBySport>
                    <sport>Cross Country Skiing</sport>
                    <event>Cross Country Skiing Men's 10 kilometres</event>
                    <medal>NA</medal>
                </statsBySport>
            </competition>
        </atlethe>
<atlethe name="Per Knut Aaland">
            <sex>M</sex>
            <age>33</age>
            <height>188</height>
            <weight>75</weight>
            <country>
                <team>United States</team>
                <noc>USA</noc>
            </country>
            <competition>
                <games>1994 Winter</games>
                <year>1994</year>
                <season>Winter</season>
                <city>Lillehammer</city>
                <coordenates>
                    <lat>61.1145451</lat>
                    <lon>10.4670073</lon>
                    </coordenates>
                <statsBySport>
                    <sport>Cross Country Skiing</sport>
                    <event>Cross Country Skiing Men's 30 kilometres</event>
                    <medal>NA</medal>
                </statsBySport>
            </competition>
        </atlethe>
<atlethe name="Per Knut Aaland">
            <sex>M</sex>
            <age>33</age>
            <height>188</height>
            <weight>75</weight>
            <country>
                <team>United States</team>
                <noc>USA</noc>
            </country>
            <competition>
                <games>1994 Winter</games>
                <year>1994</year>
                <season>Winter</season>
                <city>Lillehammer</city>
                <coordenates>
                    <lat>61.1145451</lat>
                    <lon>10.4670073</lon>
                    </coordenates>
                <statsBySport>
                    <sport>Cross Country Skiing</sport>
                    <event>Cross Country Skiing Men's 10/15 kilometres Pursuit</event>
                    <medal>NA</medal>
                </statsBySport>
            </competition>
        </atlethe>
<atlethe name="Per Knut Aaland">
            <sex>M</sex>
            <age>33</age>
            <height>188</height>
            <weight>75</weight>
            <country>
                <team>United States</team>
                <noc>USA</noc>
            </country>
            <competition>
                <games>1994 Winter</games>
                <year>1994</year>
                <season>Winter</season>
                <city>Lillehammer</city>
                <coordenates>
                    <lat>61.1145451</lat>
                    <lon>10.4670073</lon>
                    </coordenates>
                <statsBySport>
                    <sport>Cross Country Skiing</sport>
                    <event>Cross Country Skiing Men's 4 x 10 kilometres Relay</event>
                    <medal>NA</medal>
                </statsBySport>
            </competition>
        </atlethe>
<atlethe name="John Aalberg">
            <sex>M</sex>
            <age>31</age>
            <height>183</height>
            <weight>72</weight>
            <country>
                <team>United States</team>
                <noc>USA</noc>
            </country>
            <competition>
                <games>1992 Winter</games>
                <year>1992</year>
                <season>Winter</season>
                <city>Albertville</city>
                <coordenates>
                    <lat>45.6754622</lat>
                    <lon>6.3925417</lon>
                    </coordenates>
                <statsBySport>
                    <sport>Cross Country Skiing</sport>
                    <event>Cross Country Skiing Men's 10 kilometres</event>
                    <medal>NA</medal>
                </statsBySport>
            </competition>
        </atlethe>
<atlethe name="John Aalberg">
            <sex>M</sex>
            <age>31</age>
            <height>183</height>
            <weight>72</weight>
            <country>
                <team>United States</team>
                <noc>USA</noc>
            </country>
            <competition>
                <games>1992 Winter</games>
                <year>1992</year>
                <season>Winter</season>
                <city>Albertville</city>
                <coordenates>
                    <lat>45.6754622</lat>
                    <lon>6.3925417</lon>
                    </coordenates>
                <statsBySport>
                    <sport>Cross Country Skiing</sport>
                    <event>Cross Country Skiing Men's 50 kilometres</event>
                    <medal>NA</medal>
                </statsBySport>
            </competition>
        </atlethe>
<atlethe name="John Aalberg">
            <sex>M</sex>
            <age>31</age>
            <height>183</height>
            <weight>72</weight>
            <country>
                <team>United States</team>
                <noc>USA</noc>
            </country>
            <competition>
                <games>1992 Winter</games>
                <year>1992</year>
                <season>Winter</season>
                <city>Albertville</city>
                <coordenates>
                    <lat>45.6754622</lat>
                    <lon>6.3925417</lon>
                    </coordenates>
                <statsBySport>
                    <sport>Cross Country Skiing</sport>
                    <event>Cross Country Skiing Men's 10/15 kilometres Pursuit</event>
                    <medal>NA</medal>
                </statsBySport>
            </competition>
        </atlethe>
<atlethe name="John Aalberg">
            <sex>M</sex>
            <age>31</age>
            <height>183</height>
            <weight>72</weight>
            <country>
                <team>United States</team>
                <noc>USA</noc>
            </country>
            <competition>
                <games>1992 Winter</games>
                <year>1992</year>
                <season>Winter</season>
                <city>Albertville</city>
                <coordenates>
                    <lat>45.6754622</lat>
                    <lon>6.3925417</lon>
                    </coordenates>
                <statsBySport>
                    <sport>Cross Country Skiing</sport>
                    <event>Cross Country Skiing Men's 4 x 10 kilometres Relay</event>
                    <medal>NA</medal>
                </statsBySport>
            </competition>
        </atlethe>
<atlethe name="John Aalberg">
            <sex>M</sex>
            <age>33</age>
            <height>183</height>
            <weight>72</weight>
            <country>
                <team>United States</team>
                <noc>USA</noc>
            </country>
            <competition>
                <games>1994 Winter</games>
                <year>1994</year>
                <season>Winter</season>
                <city>Lillehammer</city>
                <coordenates>
                    <lat>61.1145451</lat>
                    <lon>10.4670073</lon>
                    </coordenates>
                <statsBySport>
                    <sport>Cross Country Skiing</sport>
                    <event>Cross Country Skiing Men's 10 kilometres</event>
                    <medal>NA</medal>
                </statsBySport>
            </competition>
        </atlethe>
<atlethe name="John Aalberg">
            <sex>M</sex>
            <age>33</age>
            <height>183</height>
            <weight>72</weight>
            <country>
                <team>United States</team>
                <noc>USA</noc>
            </country>
            <competition>
                <games>1994 Winter</games>
                <year>1994</year>
                <season>Winter</season>
                <city>Lillehammer</city>
                <coordenates>
                    <lat>61.1145451</lat>
                    <lon>10.4670073</lon>
                    </coordenates>
                <statsBySport>
                    <sport>Cross Country Skiing</sport>
                    <event>Cross Country Skiing Men's 30 kilometres</event>
                    <medal>NA</medal>
                </statsBySport>
            </competition>
        </atlethe>
<atlethe name="John Aalberg">
            <sex>M</sex>
            <age>33</age>
            <height>183</height>
            <weight>72</weight>
            <country>
                <team>United States</team>
                <noc>USA</noc>
            </country>
            <competition>
                <games>1994 Winter</games>
                <year>1994</year>
                <season>Winter</season>
                <city>Lillehammer</city>
                <coordenates>
                    <lat>61.1145451</lat>
                    <lon>10.4670073</lon>
                    </coordenates>
                <statsBySport>
                    <sport>Cross Country Skiing</sport>
                    <event>Cross Country Skiing Men's 10/15 kilometres Pursuit</event>
                    <medal>NA</medal>
                </statsBySport>
            </competition>
        </atlethe>
<atlethe name="John Aalberg">
            <sex>M</sex>
            <age>33</age>
            <height>183</height>
            <weight>72</weight>
            <country>
                <team>United States</team>
                <noc>USA</noc>
            </country>
            <competition>
                <games>1994 Winter</games>
                <year>1994</year>
                <season>Winter</season>
                <city>Lillehammer</city>
                <coordenates>
                    <lat>61.1145451</lat>
                    <lon>10.4670073</lon>
                    </coordenates>
                <statsBySport>
                    <sport>Cross Country Skiing</sport>
                    <event>Cross Country Skiing Men's 4 x 10 kilometres Relay</event>
                    <medal>NA</medal>
                </statsBySport>
            </competition>
        </atlethe>
<atlethe name="Cornelia Cor Aalten (-Strannood)">
            <sex>F</sex>
            <age>18</age>
            <height>168</height>
            <weight>NA</weight>
            <country>
                <team>Netherlands</team>
                <noc>NED</noc>
            </country>
            <competition>
                <games>1932 Summer</games>
                <year>1932</year>
                <season>Summer</season>
                <city>Los Angeles</city>
                <coordenates>
                    <lat>34.0536909</lat>
                    <lon>-118.242766</lon>
                    </coordenates>
                <statsBySport>
                    <sport>Athletics</sport>
                    <event>Athletics Women's 100 metres</event>
                    <medal>NA</medal>
                </statsBySport>
            </competition>
        </atlethe>
<atlethe name="Cornelia Cor Aalten (-Strannood)">
            <sex>F</sex>
            <age>18</age>
            <height>168</height>
            <weight>NA</weight>
            <country>
                <team>Netherlands</team>
                <noc>NED</noc>
            </country>
            <competition>
                <games>1932 Summer</games>
                <year>1932</year>
                <season>Summer</season>
                <city>Los Angeles</city>
                <coordenates>
                    <lat>34.0536909</lat>
                    <lon>-118.242766</lon>
                    </coordenates>
                <statsBySport>
                    <sport>Athletics</sport>
                    <event>Athletics Women's 4 x 100 metres Relay</event>
                    <medal>NA</medal>
                </statsBySport>
            </competition>
        </atlethe>
<atlethe name="Antti Sami Aalto">
            <sex>M</sex>
            <age>26</age>
            <height>186</height>
            <weight>96</weight>
            <country>
                <team>Finland</team>
                <noc>FIN</noc>
            </country>
            <competition>
                <games>2002 Winter</games>
                <year>2002</year>
                <season>Winter</season>
                <city>Salt Lake City</city>
                <coordenates>
                    <lat>40.7596198</lat>
                    <lon>-111.886797</lon>
                    </coordenates>
                <statsBySport>
                    <sport>Ice Hockey</sport>
                    <event>Ice Hockey Men's Ice Hockey</event>
                    <medal>NA</medal>
                </statsBySport>
            </competition>
        </atlethe>
</csv_data>
